{"cameraMode":{"drawMode":0,"name":"Shaded","section":"Shading Mode"},"sceneLighting":false,"audioPlay":false,"sceneViewState":{"m_AlwaysRefresh":false,"showFog":true,"showSkybox":false,"showFlares":true,"showImageEffects":true,"showParticleSystems":true,"showVisualEffectGraphs":true,"m_FxEnabled":true},"in2DMode":false,"pivot":{"x":0.06588554382324219,"y":1.7005127668380738,"z":0.780807375907898},"rotation":{"x":-0.07491807639598847,"y":0.9224444627761841,"z":-0.22897516191005708,"w":-0.3017982542514801},"size":0.8409885764122009,"orthographic":false}