{"cameraMode":{"drawMode":0,"name":"Shaded","section":"Shading Mode"},"sceneLighting":false,"audioPlay":false,"sceneViewState":{"m_AlwaysRefresh":false,"showFog":true,"showSkybox":false,"showFlares":true,"showImageEffects":true,"showParticleSystems":true,"showVisualEffectGraphs":true,"m_FxEnabled":true},"in2DMode":false,"pivot":{"x":-0.4074535369873047,"y":1.1620784997940064,"z":1.3550053834915162},"rotation":{"x":-0.17041660845279694,"y":0.7512872219085693,"z":-0.21303552389144898,"w":-0.6009736657142639},"size":1.2247449159622193,"orthographic":false}